INSERT INTO `sys_city` (`id`,`cd`,`name`,`province`,`descr`,`sortNb`,`addDt`,`addBy`,`updDt`,`updBy`,`st`) VALUES (1,'gz','广州','广东省',NULL,1,'2014-07-29 11:56:41',1,NULL,NULL,0);
INSERT INTO `sys_city` (`id`,`cd`,`name`,`province`,`descr`,`sortNb`,`addDt`,`addBy`,`updDt`,`updBy`,`st`) VALUES (2,'fs','佛山','广东省',NULL,2,'2014-07-29 11:56:41',1,NULL,NULL,0);

INSERT INTO `sys_platform` (`id`,`cd`,`name`,`shortName`,`descr`,`cityId`,`linkMan`,`phone`,`fax`,`email`,`addr`,`postCd`,`sortNb`,`addDt`,`addBy`,`updDt`,`updBy`,`st`) VALUES (1,'zb','广州总部','总部',NULL,1,NULL,NULL,NULL,NULL,NULL,NULL,1,'2014-07-29 11:56:41',1,NULL,NULL,0);
INSERT INTO `sys_platform` (`id`,`cd`,`name`,`shortName`,`descr`,`cityId`,`linkMan`,`phone`,`fax`,`email`,`addr`,`postCd`,`sortNb`,`addDt`,`addBy`,`updDt`,`updBy`,`st`) VALUES (2,'fsfb','佛山分部','佛山',NULL,2,NULL,NULL,NULL,NULL,NULL,NULL,2,'2014-07-29 11:56:41',1,NULL,NULL,0);

INSERT INTO `sys_user` (`id`,`account`,`password`,`name`,`email`,`homePage`,`remark`,`sortNb`,`addDt`,`addBy`,`updDt`,`updBy`,`st`) VALUES (1,'admin','$shiro1$SHA-512$1024$dJE1Dtii/suz03aGVPGS4Q==$ISj4TWoJOE2/rXp1e7v5surcSF/SRKGkKxnR0CPUEHPyJlliIJeEO/zOouM5TyuNEvrOj5xOZgdU6fcqc/WnAw==','系统管理员',NULL,NULL,NULL,1,'2014-07-29 11:56:41',1,NULL,NULL,0);
INSERT INTO `sys_user` (`id`,`account`,`password`,`name`,`email`,`homePage`,`remark`,`sortNb`,`addDt`,`addBy`,`updDt`,`updBy`,`st`) VALUES (2,'ag','$shiro1$SHA-512$1024$dJE1Dtii/suz03aGVPGS4Q==$ISj4TWoJOE2/rXp1e7v5surcSF/SRKGkKxnR0CPUEHPyJlliIJeEO/zOouM5TyuNEvrOj5xOZgdU6fcqc/WnAw==','阿管',NULL,NULL,NULL,2,'2014-07-29 11:56:41',1,NULL,NULL,0);
INSERT INTO `sys_user` (`id`,`account`,`password`,`name`,`email`,`homePage`,`remark`,`sortNb`,`addDt`,`addBy`,`updDt`,`updBy`,`st`) VALUES (3,'ac','$shiro1$SHA-512$1024$dJE1Dtii/suz03aGVPGS4Q==$ISj4TWoJOE2/rXp1e7v5surcSF/SRKGkKxnR0CPUEHPyJlliIJeEO/zOouM5TyuNEvrOj5xOZgdU6fcqc/WnAw==','阿查',NULL,NULL,NULL,3,'2014-07-29 11:56:41',1,NULL,NULL,0);
INSERT INTO `sys_user` (`id`,`account`,`password`,`name`,`email`,`homePage`,`remark`,`sortNb`,`addDt`,`addBy`,`updDt`,`updBy`,`st`) VALUES (4,'abj','$shiro1$SHA-512$1024$dJE1Dtii/suz03aGVPGS4Q==$ISj4TWoJOE2/rXp1e7v5surcSF/SRKGkKxnR0CPUEHPyJlliIJeEO/zOouM5TyuNEvrOj5xOZgdU6fcqc/WnAw==','阿编辑',NULL,NULL,NULL,4,'2014-07-29 11:56:41',1,NULL,NULL,0);
INSERT INTO `sys_user` (`id`,`account`,`password`,`name`,`email`,`homePage`,`remark`,`sortNb`,`addDt`,`addBy`,`updDt`,`updBy`,`st`) VALUES (5,'gc','$shiro1$SHA-512$1024$dJE1Dtii/suz03aGVPGS4Q==$ISj4TWoJOE2/rXp1e7v5surcSF/SRKGkKxnR0CPUEHPyJlliIJeEO/zOouM5TyuNEvrOj5xOZgdU6fcqc/WnAw==','广查',NULL,NULL,NULL,5,'2014-07-29 11:56:41',1,NULL,NULL,0);

INSERT INTO `sys_role` (`id`,`name`,`platformId`,`remark`,`sortNb`,`addDt`,`addBy`,`updDt`,`updBy`,`st`) VALUES (1,'系统管理员',1,NULL,1,'2014-07-29 11:56:41',1,NULL,NULL,0);
INSERT INTO `sys_role` (`id`,`name`,`platformId`,`remark`,`sortNb`,`addDt`,`addBy`,`updDt`,`updBy`,`st`) VALUES (2,'佛山管理员',2,NULL,2,'2014-07-29 11:56:41',1,NULL,NULL,0);
INSERT INTO `sys_role` (`id`,`name`,`platformId`,`remark`,`sortNb`,`addDt`,`addBy`,`updDt`,`updBy`,`st`) VALUES (3,'佛山查看员',2,NULL,3,'2014-07-29 11:56:41',1,NULL,NULL,0);
INSERT INTO `sys_role` (`id`,`name`,`platformId`,`remark`,`sortNb`,`addDt`,`addBy`,`updDt`,`updBy`,`st`) VALUES (4,'佛山编辑',2,NULL,4,'2014-07-29 11:56:41',1,NULL,NULL,0);
INSERT INTO `sys_role` (`id`,`name`,`platformId`,`remark`,`sortNb`,`addDt`,`addBy`,`updDt`,`updBy`,`st`) VALUES (5,'广州查看员',1,NULL,5,'2014-07-29 11:56:41',1,NULL,NULL,0);

INSERT INTO `sys_user_role` (`userId`,`roleId`) VALUES (1,1);
INSERT INTO `sys_user_role` (`userId`,`roleId`) VALUES (2,2);
INSERT INTO `sys_user_role` (`userId`,`roleId`) VALUES (2,4);
INSERT INTO `sys_user_role` (`userId`,`roleId`) VALUES (3,3);
INSERT INTO `sys_user_role` (`userId`,`roleId`) VALUES (4,4);
INSERT INTO `sys_user_role` (`userId`,`roleId`) VALUES (5,5);

INSERT INTO `sys_menu` (`id`,`name`,`pid`,`href`,`target`,`icon`,`pemisi`,`ifShow`,`remark`,`sortNb`,`addDt`,`addBy`,`updDt`,`updBy`,`st`) VALUES (1,'平台管理',32,'/platform/list',NULL,NULL,'sys:platform:list',1,NULL,1,'2014-07-29 11:56:41',1,'2014-08-04 15:25:15',1,0);
INSERT INTO `sys_menu` (`id`,`name`,`pid`,`href`,`target`,`icon`,`pemisi`,`ifShow`,`remark`,`sortNb`,`addDt`,`addBy`,`updDt`,`updBy`,`st`) VALUES (2,'增加',1,NULL,NULL,NULL,'sys:platform:add',0,NULL,2,'2014-07-29 11:56:41',1,NULL,NULL,0);
INSERT INTO `sys_menu` (`id`,`name`,`pid`,`href`,`target`,`icon`,`pemisi`,`ifShow`,`remark`,`sortNb`,`addDt`,`addBy`,`updDt`,`updBy`,`st`) VALUES (3,'删除',1,NULL,NULL,NULL,'sys:platform:del',0,NULL,3,'2014-07-29 11:56:41',1,NULL,NULL,0);
INSERT INTO `sys_menu` (`id`,`name`,`pid`,`href`,`target`,`icon`,`pemisi`,`ifShow`,`remark`,`sortNb`,`addDt`,`addBy`,`updDt`,`updBy`,`st`) VALUES (4,'编辑',1,NULL,NULL,NULL,'sys:platform:upd',0,NULL,4,'2014-07-29 11:56:41',1,NULL,NULL,0);
INSERT INTO `sys_menu` (`id`,`name`,`pid`,`href`,`target`,`icon`,`pemisi`,`ifShow`,`remark`,`sortNb`,`addDt`,`addBy`,`updDt`,`updBy`,`st`) VALUES (5,'用户管理',32,'/user/list',NULL,NULL,'sys:user:list',1,NULL,5,'2014-07-29 11:56:41',1,'2014-08-04 15:25:29',1,0);
INSERT INTO `sys_menu` (`id`,`name`,`pid`,`href`,`target`,`icon`,`pemisi`,`ifShow`,`remark`,`sortNb`,`addDt`,`addBy`,`updDt`,`updBy`,`st`) VALUES (6,'增加',5,NULL,NULL,NULL,'sys:user:add',0,NULL,6,'2014-07-29 11:56:41',1,NULL,NULL,0);
INSERT INTO `sys_menu` (`id`,`name`,`pid`,`href`,`target`,`icon`,`pemisi`,`ifShow`,`remark`,`sortNb`,`addDt`,`addBy`,`updDt`,`updBy`,`st`) VALUES (7,'删除',5,NULL,NULL,NULL,'sys:user:del',0,NULL,7,'2014-07-29 11:56:41',1,NULL,NULL,0);
INSERT INTO `sys_menu` (`id`,`name`,`pid`,`href`,`target`,`icon`,`pemisi`,`ifShow`,`remark`,`sortNb`,`addDt`,`addBy`,`updDt`,`updBy`,`st`) VALUES (8,'编辑',5,NULL,NULL,NULL,'sys:user:upd',0,NULL,8,'2014-07-29 11:56:41',1,NULL,NULL,0);
INSERT INTO `sys_menu` (`id`,`name`,`pid`,`href`,`target`,`icon`,`pemisi`,`ifShow`,`remark`,`sortNb`,`addDt`,`addBy`,`updDt`,`updBy`,`st`) VALUES (9,'角色管理',32,'/role/list',NULL,NULL,'sys:role:list',1,NULL,9,'2014-07-29 11:56:41',1,'2014-08-04 15:25:46',1,0);
INSERT INTO `sys_menu` (`id`,`name`,`pid`,`href`,`target`,`icon`,`pemisi`,`ifShow`,`remark`,`sortNb`,`addDt`,`addBy`,`updDt`,`updBy`,`st`) VALUES (10,'增加',9,NULL,NULL,NULL,'sys:role:add',0,NULL,10,'2014-07-29 11:56:41',1,NULL,NULL,0);
INSERT INTO `sys_menu` (`id`,`name`,`pid`,`href`,`target`,`icon`,`pemisi`,`ifShow`,`remark`,`sortNb`,`addDt`,`addBy`,`updDt`,`updBy`,`st`) VALUES (11,'删除',9,NULL,NULL,NULL,'sys:role:del',0,NULL,11,'2014-07-29 11:56:41',1,NULL,NULL,0);
INSERT INTO `sys_menu` (`id`,`name`,`pid`,`href`,`target`,`icon`,`pemisi`,`ifShow`,`remark`,`sortNb`,`addDt`,`addBy`,`updDt`,`updBy`,`st`) VALUES (12,'编辑',9,NULL,NULL,NULL,'sys:role:upd',0,NULL,12,'2014-07-29 11:56:41',1,NULL,NULL,0);
INSERT INTO `sys_menu` (`id`,`name`,`pid`,`href`,`target`,`icon`,`pemisi`,`ifShow`,`remark`,`sortNb`,`addDt`,`addBy`,`updDt`,`updBy`,`st`) VALUES (13,'菜单管理',32,'/menu/list',NULL,NULL,'sys:menu:list',1,NULL,13,'2014-07-29 11:56:41',1,'2014-08-04 15:26:03',1,0);
INSERT INTO `sys_menu` (`id`,`name`,`pid`,`href`,`target`,`icon`,`pemisi`,`ifShow`,`remark`,`sortNb`,`addDt`,`addBy`,`updDt`,`updBy`,`st`) VALUES (14,'增加',13,NULL,NULL,NULL,'sys:menu:add',0,NULL,14,'2014-07-29 11:56:41',1,NULL,NULL,0);
INSERT INTO `sys_menu` (`id`,`name`,`pid`,`href`,`target`,`icon`,`pemisi`,`ifShow`,`remark`,`sortNb`,`addDt`,`addBy`,`updDt`,`updBy`,`st`) VALUES (15,'删除',13,NULL,NULL,NULL,'sys:menu:del',0,NULL,15,'2014-07-29 11:56:41',1,NULL,NULL,0);
INSERT INTO `sys_menu` (`id`,`name`,`pid`,`href`,`target`,`icon`,`pemisi`,`ifShow`,`remark`,`sortNb`,`addDt`,`addBy`,`updDt`,`updBy`,`st`) VALUES (16,'编辑',13,NULL,NULL,NULL,'sys:menu:upd',0,NULL,16,'2014-07-29 11:56:41',1,NULL,NULL,0);
INSERT INTO `sys_menu` (`id`,`name`,`pid`,`href`,`target`,`icon`,`pemisi`,`ifShow`,`remark`,`sortNb`,`addDt`,`addBy`,`updDt`,`updBy`,`st`) VALUES (17,'字典管理',32,'/dict/list',NULL,NULL,'sys:dict:list',1,NULL,17,'2014-07-29 11:56:41',1,'2014-08-04 15:26:10',1,0);
INSERT INTO `sys_menu` (`id`,`name`,`pid`,`href`,`target`,`icon`,`pemisi`,`ifShow`,`remark`,`sortNb`,`addDt`,`addBy`,`updDt`,`updBy`,`st`) VALUES (18,'增加',17,NULL,NULL,NULL,'sys:dict:add',0,NULL,18,'2014-07-29 11:56:41',1,NULL,NULL,0);
INSERT INTO `sys_menu` (`id`,`name`,`pid`,`href`,`target`,`icon`,`pemisi`,`ifShow`,`remark`,`sortNb`,`addDt`,`addBy`,`updDt`,`updBy`,`st`) VALUES (19,'删除',17,NULL,NULL,NULL,'sys:dict:del',0,NULL,19,'2014-07-29 11:56:41',1,NULL,NULL,0);
INSERT INTO `sys_menu` (`id`,`name`,`pid`,`href`,`target`,`icon`,`pemisi`,`ifShow`,`remark`,`sortNb`,`addDt`,`addBy`,`updDt`,`updBy`,`st`) VALUES (20,'编辑',17,NULL,NULL,NULL,'sys:dict:upd',0,NULL,20,'2014-07-29 11:56:41',1,NULL,NULL,0);
INSERT INTO `sys_menu` (`id`,`name`,`pid`,`href`,`target`,`icon`,`pemisi`,`ifShow`,`remark`,`sortNb`,`addDt`,`addBy`,`updDt`,`updBy`,`st`) VALUES (21,'客户管理',32,'/client/list',NULL,NULL,'sys:client:list',1,NULL,21,'2014-07-29 11:56:41',1,'2014-08-04 15:26:16',1,0);
INSERT INTO `sys_menu` (`id`,`name`,`pid`,`href`,`target`,`icon`,`pemisi`,`ifShow`,`remark`,`sortNb`,`addDt`,`addBy`,`updDt`,`updBy`,`st`) VALUES (22,'增加',21,NULL,NULL,NULL,'sys:client:add',0,NULL,22,'2014-07-29 11:56:41',1,NULL,NULL,0);
INSERT INTO `sys_menu` (`id`,`name`,`pid`,`href`,`target`,`icon`,`pemisi`,`ifShow`,`remark`,`sortNb`,`addDt`,`addBy`,`updDt`,`updBy`,`st`) VALUES (23,'删除',21,NULL,NULL,NULL,'sys:client:del',0,NULL,23,'2014-07-29 11:56:41',1,NULL,NULL,0);
INSERT INTO `sys_menu` (`id`,`name`,`pid`,`href`,`target`,`icon`,`pemisi`,`ifShow`,`remark`,`sortNb`,`addDt`,`addBy`,`updDt`,`updBy`,`st`) VALUES (24,'编辑',21,NULL,NULL,NULL,'sys:client:upd',0,NULL,24,'2014-07-29 11:56:41',1,NULL,NULL,0);
INSERT INTO `sys_menu` (`id`,`name`,`pid`,`href`,`target`,`icon`,`pemisi`,`ifShow`,`remark`,`sortNb`,`addDt`,`addBy`,`updDt`,`updBy`,`st`) VALUES (25,'城市管理',32,'/city/list',NULL,NULL,'sys:city:list',1,NULL,25,'2014-07-29 11:56:41',1,'2014-08-04 15:26:23',1,0);
INSERT INTO `sys_menu` (`id`,`name`,`pid`,`href`,`target`,`icon`,`pemisi`,`ifShow`,`remark`,`sortNb`,`addDt`,`addBy`,`updDt`,`updBy`,`st`) VALUES (26,'增加',25,NULL,NULL,NULL,'sys:city:add',0,NULL,26,'2014-07-29 11:56:41',1,NULL,NULL,0);
INSERT INTO `sys_menu` (`id`,`name`,`pid`,`href`,`target`,`icon`,`pemisi`,`ifShow`,`remark`,`sortNb`,`addDt`,`addBy`,`updDt`,`updBy`,`st`) VALUES (27,'删除',25,NULL,NULL,NULL,'sys:city:del',0,NULL,27,'2014-07-29 11:56:41',1,NULL,NULL,0);
INSERT INTO `sys_menu` (`id`,`name`,`pid`,`href`,`target`,`icon`,`pemisi`,`ifShow`,`remark`,`sortNb`,`addDt`,`addBy`,`updDt`,`updBy`,`st`) VALUES (28,'编辑',25,NULL,NULL,NULL,'sys:city:upd',0,NULL,28,'2014-07-29 11:56:41',1,NULL,NULL,0);
INSERT INTO `sys_menu` (`id`,`name`,`pid`,`href`,`target`,`icon`,`pemisi`,`ifShow`,`remark`,`sortNb`,`addDt`,`addBy`,`updDt`,`updBy`,`st`) VALUES (29,'平台菜单',1,NULL,NULL,NULL,'sys:platform:menu',0,NULL,29,'2014-07-29 11:56:41',1,NULL,NULL,0);
INSERT INTO `sys_menu` (`id`,`name`,`pid`,`href`,`target`,`icon`,`pemisi`,`ifShow`,`remark`,`sortNb`,`addDt`,`addBy`,`updDt`,`updBy`,`st`) VALUES (30,'角色菜单',9,NULL,NULL,NULL,'sys:role:menu',0,NULL,30,'2014-07-29 11:56:41',1,NULL,NULL,0);
INSERT INTO `sys_menu` (`id`,`name`,`pid`,`href`,`target`,`icon`,`pemisi`,`ifShow`,`remark`,`sortNb`,`addDt`,`addBy`,`updDt`,`updBy`,`st`) VALUES (31,'用户角色',5,NULL,NULL,NULL,'sys:user:role',0,NULL,31,'2014-07-29 11:56:41',1,NULL,NULL,0);
INSERT INTO `sys_menu` (`id`,`name`,`pid`,`href`,`target`,`icon`,`pemisi`,`ifShow`,`remark`,`sortNb`,`addDt`,`addBy`,`updDt`,`updBy`,`st`) VALUES (32,'系统管理',NULL,NULL,NULL,NULL,'sys:sys:sys',1,NULL,1,'2014-08-04 15:24:46',1,NULL,NULL,0);

INSERT INTO `sys_platform_menu` (`platformId`,`menuId`) VALUES (1,1);
INSERT INTO `sys_platform_menu` (`platformId`,`menuId`) VALUES (1,2);
INSERT INTO `sys_platform_menu` (`platformId`,`menuId`) VALUES (1,3);
INSERT INTO `sys_platform_menu` (`platformId`,`menuId`) VALUES (1,4);
INSERT INTO `sys_platform_menu` (`platformId`,`menuId`) VALUES (1,5);
INSERT INTO `sys_platform_menu` (`platformId`,`menuId`) VALUES (1,6);
INSERT INTO `sys_platform_menu` (`platformId`,`menuId`) VALUES (1,7);
INSERT INTO `sys_platform_menu` (`platformId`,`menuId`) VALUES (1,8);
INSERT INTO `sys_platform_menu` (`platformId`,`menuId`) VALUES (1,9);
INSERT INTO `sys_platform_menu` (`platformId`,`menuId`) VALUES (1,10);
INSERT INTO `sys_platform_menu` (`platformId`,`menuId`) VALUES (1,11);
INSERT INTO `sys_platform_menu` (`platformId`,`menuId`) VALUES (1,12);
INSERT INTO `sys_platform_menu` (`platformId`,`menuId`) VALUES (1,13);
INSERT INTO `sys_platform_menu` (`platformId`,`menuId`) VALUES (1,14);
INSERT INTO `sys_platform_menu` (`platformId`,`menuId`) VALUES (1,15);
INSERT INTO `sys_platform_menu` (`platformId`,`menuId`) VALUES (1,16);
INSERT INTO `sys_platform_menu` (`platformId`,`menuId`) VALUES (1,17);
INSERT INTO `sys_platform_menu` (`platformId`,`menuId`) VALUES (1,18);
INSERT INTO `sys_platform_menu` (`platformId`,`menuId`) VALUES (1,19);
INSERT INTO `sys_platform_menu` (`platformId`,`menuId`) VALUES (1,20);
INSERT INTO `sys_platform_menu` (`platformId`,`menuId`) VALUES (1,21);
INSERT INTO `sys_platform_menu` (`platformId`,`menuId`) VALUES (1,22);
INSERT INTO `sys_platform_menu` (`platformId`,`menuId`) VALUES (1,23);
INSERT INTO `sys_platform_menu` (`platformId`,`menuId`) VALUES (1,24);
INSERT INTO `sys_platform_menu` (`platformId`,`menuId`) VALUES (1,25);
INSERT INTO `sys_platform_menu` (`platformId`,`menuId`) VALUES (1,26);
INSERT INTO `sys_platform_menu` (`platformId`,`menuId`) VALUES (1,27);
INSERT INTO `sys_platform_menu` (`platformId`,`menuId`) VALUES (1,28);
INSERT INTO `sys_platform_menu` (`platformId`,`menuId`) VALUES (1,29);
INSERT INTO `sys_platform_menu` (`platformId`,`menuId`) VALUES (1,30);
INSERT INTO `sys_platform_menu` (`platformId`,`menuId`) VALUES (1,31);
INSERT INTO `sys_platform_menu` (`platformId`,`menuId`) VALUES (1,32);
INSERT INTO `sys_platform_menu` (`platformId`,`menuId`) VALUES (2,5);
INSERT INTO `sys_platform_menu` (`platformId`,`menuId`) VALUES (2,6);
INSERT INTO `sys_platform_menu` (`platformId`,`menuId`) VALUES (2,7);
INSERT INTO `sys_platform_menu` (`platformId`,`menuId`) VALUES (2,8);
INSERT INTO `sys_platform_menu` (`platformId`,`menuId`) VALUES (2,9);
INSERT INTO `sys_platform_menu` (`platformId`,`menuId`) VALUES (2,10);
INSERT INTO `sys_platform_menu` (`platformId`,`menuId`) VALUES (2,11);
INSERT INTO `sys_platform_menu` (`platformId`,`menuId`) VALUES (2,12);
INSERT INTO `sys_platform_menu` (`platformId`,`menuId`) VALUES (2,21);
INSERT INTO `sys_platform_menu` (`platformId`,`menuId`) VALUES (2,22);
INSERT INTO `sys_platform_menu` (`platformId`,`menuId`) VALUES (2,23);
INSERT INTO `sys_platform_menu` (`platformId`,`menuId`) VALUES (2,24);
INSERT INTO `sys_platform_menu` (`platformId`,`menuId`) VALUES (2,30);
INSERT INTO `sys_platform_menu` (`platformId`,`menuId`) VALUES (2,31);
INSERT INTO `sys_platform_menu` (`platformId`,`menuId`) VALUES (2,32);

INSERT INTO `sys_role_menu` (`roleId`,`menuId`) VALUES (1,1);
INSERT INTO `sys_role_menu` (`roleId`,`menuId`) VALUES (1,2);
INSERT INTO `sys_role_menu` (`roleId`,`menuId`) VALUES (1,3);
INSERT INTO `sys_role_menu` (`roleId`,`menuId`) VALUES (1,4);
INSERT INTO `sys_role_menu` (`roleId`,`menuId`) VALUES (1,5);
INSERT INTO `sys_role_menu` (`roleId`,`menuId`) VALUES (1,6);
INSERT INTO `sys_role_menu` (`roleId`,`menuId`) VALUES (1,7);
INSERT INTO `sys_role_menu` (`roleId`,`menuId`) VALUES (1,8);
INSERT INTO `sys_role_menu` (`roleId`,`menuId`) VALUES (1,9);
INSERT INTO `sys_role_menu` (`roleId`,`menuId`) VALUES (1,10);
INSERT INTO `sys_role_menu` (`roleId`,`menuId`) VALUES (1,11);
INSERT INTO `sys_role_menu` (`roleId`,`menuId`) VALUES (1,12);
INSERT INTO `sys_role_menu` (`roleId`,`menuId`) VALUES (1,13);
INSERT INTO `sys_role_menu` (`roleId`,`menuId`) VALUES (1,14);
INSERT INTO `sys_role_menu` (`roleId`,`menuId`) VALUES (1,15);
INSERT INTO `sys_role_menu` (`roleId`,`menuId`) VALUES (1,16);
INSERT INTO `sys_role_menu` (`roleId`,`menuId`) VALUES (1,17);
INSERT INTO `sys_role_menu` (`roleId`,`menuId`) VALUES (1,18);
INSERT INTO `sys_role_menu` (`roleId`,`menuId`) VALUES (1,19);
INSERT INTO `sys_role_menu` (`roleId`,`menuId`) VALUES (1,20);
INSERT INTO `sys_role_menu` (`roleId`,`menuId`) VALUES (1,21);
INSERT INTO `sys_role_menu` (`roleId`,`menuId`) VALUES (1,22);
INSERT INTO `sys_role_menu` (`roleId`,`menuId`) VALUES (1,23);
INSERT INTO `sys_role_menu` (`roleId`,`menuId`) VALUES (1,24);
INSERT INTO `sys_role_menu` (`roleId`,`menuId`) VALUES (1,25);
INSERT INTO `sys_role_menu` (`roleId`,`menuId`) VALUES (1,26);
INSERT INTO `sys_role_menu` (`roleId`,`menuId`) VALUES (1,27);
INSERT INTO `sys_role_menu` (`roleId`,`menuId`) VALUES (1,28);
INSERT INTO `sys_role_menu` (`roleId`,`menuId`) VALUES (1,29);
INSERT INTO `sys_role_menu` (`roleId`,`menuId`) VALUES (1,30);
INSERT INTO `sys_role_menu` (`roleId`,`menuId`) VALUES (1,31);
INSERT INTO `sys_role_menu` (`roleId`,`menuId`) VALUES (1,32);
INSERT INTO `sys_role_menu` (`roleId`,`menuId`) VALUES (2,5);
INSERT INTO `sys_role_menu` (`roleId`,`menuId`) VALUES (2,6);
INSERT INTO `sys_role_menu` (`roleId`,`menuId`) VALUES (2,7);
INSERT INTO `sys_role_menu` (`roleId`,`menuId`) VALUES (2,8);
INSERT INTO `sys_role_menu` (`roleId`,`menuId`) VALUES (2,9);
INSERT INTO `sys_role_menu` (`roleId`,`menuId`) VALUES (2,10);
INSERT INTO `sys_role_menu` (`roleId`,`menuId`) VALUES (2,11);
INSERT INTO `sys_role_menu` (`roleId`,`menuId`) VALUES (2,12);
INSERT INTO `sys_role_menu` (`roleId`,`menuId`) VALUES (2,30);
INSERT INTO `sys_role_menu` (`roleId`,`menuId`) VALUES (2,31);
INSERT INTO `sys_role_menu` (`roleId`,`menuId`) VALUES (2,32);
INSERT INTO `sys_role_menu` (`roleId`,`menuId`) VALUES (4,21);
INSERT INTO `sys_role_menu` (`roleId`,`menuId`) VALUES (4,22);
INSERT INTO `sys_role_menu` (`roleId`,`menuId`) VALUES (4,23);
INSERT INTO `sys_role_menu` (`roleId`,`menuId`) VALUES (4,24);
INSERT INTO `sys_role_menu` (`roleId`,`menuId`) VALUES (4,32);

INSERT INTO `sys_dict` (`id`,`cd`,`lb`,`val`,`descr`,`remark`,`sortNb`,`addDt`,`addBy`,`updDt`,`updBy`,`st`) VALUES (1,'color','白色','white','颜色值','啊啊啊abb',12,'2014-07-29 11:56:41',1,'2014-08-01 12:11:17',NULL,0);
INSERT INTO `sys_dict` (`id`,`cd`,`lb`,`val`,`descr`,`remark`,`sortNb`,`addDt`,`addBy`,`updDt`,`updBy`,`st`) VALUES (2,'color','黑色','black','颜色值','啊啊啊',1,'2014-07-29 11:56:41',1,'2014-08-01 10:46:15',NULL,1);
INSERT INTO `sys_dict` (`id`,`cd`,`lb`,`val`,`descr`,`remark`,`sortNb`,`addDt`,`addBy`,`updDt`,`updBy`,`st`) VALUES (3,'color','绿色','green','颜色值','啊啊',1,'2014-07-29 11:56:41',1,'2014-08-01 12:20:24',NULL,1);
INSERT INTO `sys_dict` (`id`,`cd`,`lb`,`val`,`descr`,`remark`,`sortNb`,`addDt`,`addBy`,`updDt`,`updBy`,`st`) VALUES (4,'color','蓝色','blue','颜色值','啊啊啊',1,'2014-07-29 11:56:41',1,'2014-08-01 10:46:15',NULL,0);
INSERT INTO `sys_dict` (`id`,`cd`,`lb`,`val`,`descr`,`remark`,`sortNb`,`addDt`,`addBy`,`updDt`,`updBy`,`st`) VALUES (5,'color','黄色','yellow','颜色值','啊啊啊',1,'2014-07-29 11:56:41',1,'2014-08-01 10:46:15',NULL,0);
INSERT INTO `sys_dict` (`id`,`cd`,`lb`,`val`,`descr`,`remark`,`sortNb`,`addDt`,`addBy`,`updDt`,`updBy`,`st`) VALUES (6,'color','棕色','brown','颜色值','啊啊啊',1,'2014-07-29 12:01:55',1,'2014-08-01 10:46:15',NULL,0);
INSERT INTO `sys_dict` (`id`,`cd`,`lb`,`val`,`descr`,`remark`,`sortNb`,`addDt`,`addBy`,`updDt`,`updBy`,`st`) VALUES (7,'color','粉红色','pink','颜色值','啊啊啊',1,'2014-07-29 12:01:55',1,'2014-08-01 10:46:15',NULL,0);
INSERT INTO `sys_dict` (`id`,`cd`,`lb`,`val`,`descr`,`remark`,`sortNb`,`addDt`,`addBy`,`updDt`,`updBy`,`st`) VALUES (8,'color','红色','red','颜色值','啊啊啊',1,'2014-07-29 12:01:55',1,'2014-08-01 10:46:15',NULL,0);
INSERT INTO `sys_dict` (`id`,`cd`,`lb`,`val`,`descr`,`remark`,`sortNb`,`addDt`,`addBy`,`updDt`,`updBy`,`st`) VALUES (9,'color','紫色','purple','颜色值','啊啊啊',1,'2014-07-29 12:01:55',1,'2014-08-01 10:46:15',NULL,0);
INSERT INTO `sys_dict` (`id`,`cd`,`lb`,`val`,`descr`,`remark`,`sortNb`,`addDt`,`addBy`,`updDt`,`updBy`,`st`) VALUES (10,'xz','正方形','zfx','颜色值','啊啊啊',1,'2014-07-30 11:19:14',1,'2014-08-01 10:46:15',NULL,0);
INSERT INTO `sys_dict` (`id`,`cd`,`lb`,`val`,`descr`,`remark`,`sortNb`,`addDt`,`addBy`,`updDt`,`updBy`,`st`) VALUES (11,'xz','长方形','cfx','颜色值','啊啊啊',1,'2014-07-30 11:19:14',1,'2014-08-01 10:46:15',NULL,0);
INSERT INTO `sys_dict` (`id`,`cd`,`lb`,`val`,`descr`,`remark`,`sortNb`,`addDt`,`addBy`,`updDt`,`updBy`,`st`) VALUES (12,'xz','圆形','yx','颜色值','啊啊啊',1,'2014-07-30 11:19:14',1,'2014-08-01 10:46:15',NULL,0);
INSERT INTO `sys_dict` (`id`,`cd`,`lb`,`val`,`descr`,`remark`,`sortNb`,`addDt`,`addBy`,`updDt`,`updBy`,`st`) VALUES (13,'xz','平行四边形','pxsbx','颜色值','啊啊啊',1,'2014-07-30 11:19:14',1,'2014-08-01 10:46:15',NULL,0);
INSERT INTO `sys_dict` (`id`,`cd`,`lb`,`val`,`descr`,`remark`,`sortNb`,`addDt`,`addBy`,`updDt`,`updBy`,`st`) VALUES (14,'xz','梯形','tx','颜色值','啊啊啊',1,'2014-07-30 11:19:14',1,'2014-08-01 10:46:15',NULL,0);
INSERT INTO `sys_dict` (`id`,`cd`,`lb`,`val`,`descr`,`remark`,`sortNb`,`addDt`,`addBy`,`updDt`,`updBy`,`st`) VALUES (15,'test1','test11','test11','颜色值','啊啊啊a',1,'2014-07-30 11:43:13',1,'2014-08-01 11:30:12',NULL,0);
INSERT INTO `sys_dict` (`id`,`cd`,`lb`,`val`,`descr`,`remark`,`sortNb`,`addDt`,`addBy`,`updDt`,`updBy`,`st`) VALUES (16,'test1','test12','12','颜色值','啊啊啊',1,'2014-07-30 11:43:13',1,'2014-08-01 10:46:15',NULL,1);
INSERT INTO `sys_dict` (`id`,`cd`,`lb`,`val`,`descr`,`remark`,`sortNb`,`addDt`,`addBy`,`updDt`,`updBy`,`st`) VALUES (17,'test1','test13','13','颜色值','啊啊啊aa',1,'2014-07-30 11:43:13',1,'2014-08-01 11:27:36',NULL,1);
INSERT INTO `sys_dict` (`id`,`cd`,`lb`,`val`,`descr`,`remark`,`sortNb`,`addDt`,`addBy`,`updDt`,`updBy`,`st`) VALUES (18,'test1','test14','14','颜色值','啊啊啊',1,'2014-07-30 11:43:13',1,'2014-08-01 10:46:15',NULL,1);
INSERT INTO `sys_dict` (`id`,`cd`,`lb`,`val`,`descr`,`remark`,`sortNb`,`addDt`,`addBy`,`updDt`,`updBy`,`st`) VALUES (19,'test2','tst21','21','颜色值','啊啊啊',1,'2014-07-30 11:43:13',1,'2014-08-01 10:46:15',NULL,0);
INSERT INTO `sys_dict` (`id`,`cd`,`lb`,`val`,`descr`,`remark`,`sortNb`,`addDt`,`addBy`,`updDt`,`updBy`,`st`) VALUES (20,'test2','test22','22','颜色值','啊啊啊',1,'2014-07-30 11:43:33',1,'2014-08-01 10:46:15',NULL,0);
INSERT INTO `sys_dict` (`id`,`cd`,`lb`,`val`,`descr`,`remark`,`sortNb`,`addDt`,`addBy`,`updDt`,`updBy`,`st`) VALUES (21,'test2','test23','23','颜色值','啊啊啊',1,'2014-07-30 11:43:33',1,'2014-08-01 10:46:15',NULL,0);
INSERT INTO `sys_dict` (`id`,`cd`,`lb`,`val`,`descr`,`remark`,`sortNb`,`addDt`,`addBy`,`updDt`,`updBy`,`st`) VALUES (22,'oms:import:url','用户模型','/user/import','颜色值','啊啊啊',1,'2014-07-30 11:43:33',1,'2014-08-01 10:46:15',NULL,0);
